<?xml version="1.0"?>

<!DOCTYPE mapper PUBLIC "-//mybatis.org//DTD Mapper 3.0//EN" "http://mybatis.org/dtd/mybatis-3-mapper.dtd">

<mapper namespace="com.muse.lab.dao.UserDAO">


<resultMap type="MuseLabVO" id="userResult">

<!-- user -->


<result column="user_id" property="userId"/>

<result column="user_pwd" property="userPwd"/>

<result column="user_phone" property="userPhone"/>

<result column="user_email" property="userEmail"/>

<result column="user_nickname" property="userNickname"/>

<result column="user_profile" property="userProfile"/>

<result column="user_info" property="userInfo"/>

<result column="user_address" property="userAddress"/>

<result column="user_grade" property="userGrade"/>

<result column="user_bank" property="userBank"/>

<result column="user_account" property="userAccount"/>

<!-- music -->


<result column="music_id" property="musicId"/>

<result column="music_title" property="musicTitle"/>

<result column="music_info" property="musicInfo"/>

<result column="music_genre" property="musicGenre"/>

<result column="music_album" property="musicAlbum"/>

<result column="music_date" property="musicDate"/>

<result column="music_file" property="musicFile"/>

<result column="music_image" property="musicImage"/>

<result column="music_views" property="musicViews"/>

<!-- music comment -->


<result column="music_comment_id" property="musicCommentId"/>

<result column="music_comment_content" property="musicCommentContent"/>

<result column="music_comment_date" property="musicCommentDate"/>

<!-- music like -->


<result column="music_like_id" property="musicLikeId"/>

<!-- playlist -->


<result column="playlist_id" property="playlistId"/>

<result column="playlist_folder" property="playlistFolder"/>

<!-- commuity -->


<result column="community_id" property="communityId"/>

<result column="community_category" property="communityCategory"/>

<result column="community_title" property="communityTitle"/>

<result column="community_content" property="communityContent"/>

<result column="community_date" property="communityDate"/>

<result column="community_image1" property="communityImage1"/>

<result column="community_image2" property="communityImage2"/>

<result column="community_image3" property="communityImage3"/>

<result column="community_image4" property="communityImage4"/>

<result column="community_image5" property="communityImage5"/>

<result column="community_views" property="communityViews"/>

<!-- commuity comment -->


<result column="comm_comment_id" property="commCommentId"/>

<result column="comm_comment_content" property="commCommentContent"/>

<result column="comm_comment_date" property="commCommentDate"/>

<!-- commuity like -->


<result column="comm_like_id" property="commLikeId"/>

<!-- market -->


<result column="market_id" property="marketId"/>

<result column="market_title" property="marketTitle"/>

<result column="market_content" property="marketContent"/>

<result column="market_description" property="marketDescription"/>

<result column="market_image1" property="marketImage1"/>

<result column="market_image2" property="marketImage2"/>

<result column="market_image3" property="marketImage3"/>

<result column="market_image4" property="marketImage4"/>

<result column="market_image5" property="marketImage5"/>

<result column="market_price" property="marketPrice"/>

<result column="market_category" property="marketCategory"/>

<result column="market_user" property="marketUser"/>

<result column="market_views" property="marketViews"/>

<result column="market_stock" property="marketStock"/>

<result column="market_status" property="marketStatus"/>

<!-- market comment -->


<result column="mk_review_id" property="mkReviewId"/>

<result column="mk_review_content" property="mkReviewContent"/>

<result column="mk_review_date" property="mkReviewDate"/>

<result column="mk_review_score" property="mkReviewScore"/>

<!-- market like -->


<result column="mk_like_id" property="mkLikeId"/>

<!-- user msg -->


<result column="user_msg_id" property="userMsgId"/>

<result column="user_msg_title" property="userMsgTitle"/>

<result column="user_msg_content" property="userMsgContent"/>

<result column="user_msg_date" property="userMsgDate"/>

<!-- notice -->


<result column="notice_id" property="noticeId"/>

<result column="notice_title" property="noticeTitle"/>

<result column="notice_content" property="noticeContent"/>

<result column="notice_image1" property="noticeImage1"/>

<result column="notice_image2" property="noticeImage2"/>

<result column="notice_image3" property="noticeImage3"/>

<result column="notice_image4" property="noticeImage4"/>

<result column="notice_image5" property="noticeImage5"/>

<result column="notice_views" property="noticeViews"/>

<!-- operation -->


<result column="operation_id" property="operationId"/>

<!-- event -->


<result column="event_id" property="eventId"/>

<!-- article -->


<result column="article_id" property="articleId"/>

<result column="article_title" property="articleTitle"/>

<result column="article_content" property="articleContent"/>

<result column="article_image1" property="articleImage1"/>

<result column="article_image2" property="articleImage2"/>

<result column="article_image3" property="articleImage3"/>

<result column="article_image4" property="articleImage4"/>

<result column="article_image5" property="articleImage5"/>

<result column="article_views" property="articleViews"/>

<!-- ad -->


<result column="ad_id" property="adId"/>

<result column="ad_title" property="adTitle"/>

<result column="ad_start" property="adStart"/>

<result column="ad_end" property="adEnd"/>

<result column="ad_image" property="adImage"/>

<result column="ad_memo" property="adMemo"/>

<result column="ad_position" property="adPosition"/>

<!-- buy -->


<result column="buy_id" property="buyId"/>

<result column="order_id" property="orderId"/>

<result column="buy_count" property="buyCount"/>

<result column="buy_status" property="buyStatus"/>

<result column="buy_date" property="buyDate"/>

<!-- admin -->


<result column="admin_id" property="adminId"/>

<result column="admin_pwd" property="adminPwd"/>

<result column="admin_name" property="adminName"/>

</resultMap>

<!-- 회원 로그인 -->
<select id="userLogin" resultMap="userResult" resultType="MuseLabVO" parameterType="MuseLabVO">
SELECT * FROM user WHERE user_id=#{userId} AND user_pwd=#{userPwd} 
</select>

<!-- 판매 게시 요청 -->
<insert id="marketInsert" parameterType="MuseLabVO" >
	INSERT INTO market(market_title,market_description,market_content,market_image1,market_image2,market_image3,market_image4,market_image5,market_price,market_category,
	market_user,market_views,market_stock,market_status)
	VALUES(#{marketTitle},#{marketDescription},#{marketContent},#{marketImage1},#{marketImage2},#{marketImage3},#{marketImage4},#{marketImage5},
	#{marketPrice},#{marketCategory},#{userId},0,#{marketStock},#{marketStatus})
</insert>
</mapper>