<!DOCTYPE mapper PUBLIC "-//mybatis.org//DTD Mapper 3.0//EN" "http://mybatis.org/dtd/mybatis-3-mapper.dtd">
<mapper namespace="com.muse.lab.dao.AdminDAO">
<resultMap id="adminResult" type="MuseLabVO">
	<!-- 관리자 -->
	<result property="adminId" column="admin_id"/>
	<result property="adminPwd" column="admin_pwd"/>
	<result property="adminName" column="admin_name"/>
	
	
</resultMap>

	<!-- 관리자 로그인 -->
	<select id="adminLogin" parameterType="MuseLabVO" resultType="MuseLabVO" resultMap="adminResult">
		SELECT *
		FROM admin
		WHERE admin_id=#{adminId} AND admin_pwd=#{adminPwd}
	</select>
	
	<!-- 관리자 메인페이지 (임시)-->
	<select id="adminMain" parameterType="String" resultMap="adminResult">
		SELECT * 
		FROM admin
		WHERE admin_id=#{adminId}
	</select>
</mapper>